{"cameraMode":{"drawMode":0,"name":"Shaded","section":"Shading Mode"},"sceneLighting":true,"audioPlay":false,"sceneViewState":{"showFog":true,"showMaterialUpdate":false,"showSkybox":true,"showFlares":true,"showImageEffects":true,"showParticleSystems":true},"in2DMode":false,"pivot":{"x":10.226312637329102,"y":5.092434883117676,"z":0.5152798295021057},"rotation":{"x":-0.22873643040657044,"y":0.5643810033798218,"z":-0.16646040976047517,"w":-0.7755345702171326},"size":2.1320607662200929,"orthographic":false}